<?xml version="1.0" encoding="ISO-8859-1"?>
<naturales xmlns:xsi="http://www.w3.org/2001/XMLSchema-instance" xsi:noNamespaceSchemaLocation="0101.xsd">
<natural>
<tipoDocumento>1</tipoDocumento><documento>66885068</documento><primerNombre>GLORIA</primerNombre><segundoNombre>EUGENIA</segundoNombre><primerApellido>SALCEDO</primerApellido><segundoApellido>ERAZO</segundoApellido><direccion>CR 10 11 32</direccion><deptoDireccion>76</deptoDireccion><munDireccion>563</munDireccion><telefono>2674167</telefono><fax>2674167</fax><correo>gsalcedo@pradera-valle.gov.co</correo>
</natural>
</naturales>
