<?xml version="1.0" encoding="ISO-8859-1"?>
<juridicos xmlns:xsi="http://www.w3.org/2001/XMLSchema-instance" xsi:noNamespaceSchemaLocation="0102.xsd">
<juridico>
<tipo>0</tipo><documento>900601749</documento><razonSocial>NEURAL GROUP S.A.S.</razonSocial><sigla>NG</sigla><direccion>Carrera 43B No 14- 51 Oficina 612, Manila</direccion><deptoDireccion>76</deptoDireccion><munDireccion>001</munDireccion><telefono>5813934</telefono><fax>5813934</fax><correo>soporte@neuralgroup.co</correo><docRepresentateLegal>70060321</docRepresentateLegal>
</juridico>
</juridicos>
