<?xml version="1.0" encoding="ISO-8859-1"?>
<fuentes xmlns:xsi="http://www.w3.org/2001/XMLSchema-instance" xsi:noNamespaceSchemaLocation="0103.xsd">
<fuente>
<codigo>100000001000000</codigo><nombre>Fuente Pruebas 1</nombre><codigoHomologado>I.17</codigoHomologado><conFondos>true</conFondos><libreDestinacion>true</libreDestinacion>
</fuente>
<fuente>
<codigo>101000001000000</codigo><nombre>Fuente Pruebas 2</nombre><codigoHomologado>I.10</codigoHomologado><conFondos>true</conFondos><libreDestinacion>false</libreDestinacion>
</fuente>
<fuente>
<codigo>10200000100000000001</codigo><nombre>Fuente Pruebas 3</nombre><codigoHomologado>F.9</codigoHomologado><conFondos>true</conFondos><libreDestinacion>false</libreDestinacion>
</fuente>
<fuente>
<codigo>10300000100000000001</codigo><nombre>Fuente Pruebas 4</nombre><codigoHomologado>I.50</codigoHomologado><conFondos>true</conFondos><libreDestinacion>false</libreDestinacion>
</fuente>
<fuente>
<codigo>10400000100000000001</codigo><nombre>Fuente Pruebas 5</nombre><codigoHomologado>F.17</codigoHomologado><conFondos>true</conFondos><libreDestinacion>true</libreDestinacion>
</fuente>
</fuentes>
