<?xml version="1.0" encoding="ISO-8859-1"?>
<rubros xmlns:xsi="http://www.w3.org/2001/XMLSchema-instance" xsi:noNamespaceSchemaLocation="0104.xsd">
<rubroPresupuestal>
<vigencia>2016</vigencia><esIngreso>true</esIngreso><codigo>12345678901234567890123456789012345678901234567890</codigo><descripcion>Inversiones</descripcion><codigoHomologado>1.0.03</codigoHomologado>
<RubroFuentes>
<rubroFuente>
<codigoFuente>10200000100000000001</codigoFuente>
</rubroFuente>
<rubroFuente>
<codigoFuente>10400000100000000001</codigoFuente>
</rubroFuente>
</RubroFuentes>
</rubroPresupuestal>
<rubroPresupuestal>
<vigencia>2016</vigencia><esIngreso>true</esIngreso><codigo>33345678901234567890123456789012345678901234567890</codigo><descripcion>Sobretasa</descripcion><codigoHomologado>1.1.01.01.41</codigoHomologado>
<RubroFuentes>
</RubroFuentes>
</rubroPresupuestal>
<rubroPresupuestal>
<vigencia>2016</vigencia><esIngreso>true</esIngreso><codigo>44345678901234567890123456789012345678901234567890</codigo><descripcion>Vehiculos</descripcion><codigoHomologado>1.1.01.01.31</codigoHomologado>
<RubroFuentes>
</RubroFuentes>
</rubroPresupuestal>
<rubroPresupuestal>
<vigencia>2016</vigencia><esIngreso>false</esIngreso><codigo>66345678901234567890123456789012345678901234567890</codigo><descripcion>Campa�as sanitarias</descripcion><codigoHomologado>2.3.03.02.61</codigoHomologado>
<RubroFuentes>
</RubroFuentes>
</rubroPresupuestal>
<rubroPresupuestal>
<vigencia>2016</vigencia><esIngreso>false</esIngreso><codigo>55345678901234567890123456789012345678901234567890</codigo><descripcion>Materiales y suministros</descripcion><codigoHomologado>2.1.02.01.01</codigoHomologado>
<RubroFuentes>
<rubroFuente>
<codigoFuente>100000001000000</codigoFuente>
</rubroFuente>
</RubroFuentes>
</rubroPresupuestal>
</rubros>
