<?xml version="1.0" encoding="ISO-8859-1"?>
<cuentasBancarias  xmlns:xsi="http://www.w3.org/2001/XMLSchema-instance" xsi:noNamespaceSchemaLocation="0105.xsd">
<cuentaBancaria>
<banco>01</banco><numeroCuenta>10052502540</numeroCuenta><tipo>1</tipo>
<Fuentes>
<fuente>
<codigo>101</codigo>
</fuente>
<fuente>
<codigo>102</codigo>
</fuente>
</Fuentes>
<SaldosFuentes>
<saldoFuente>
<vigencia>2016</vigencia><fuente>101</fuente><saldo>11500000</saldo>
</saldoFuente>
<saldoFuente>
<vigencia>2016</vigencia><fuente>102</fuente><saldo>8750000</saldo>
</saldoFuente>
</SaldosFuentes>
</cuentaBancaria>
</cuentasBancarias>
