<?xml version="1.0" encoding="ISO-8859-1"?>
<contratos xmlns:xsi="http://www.w3.org/2001/XMLSchema-instance" xsi:noNamespaceSchemaLocation="0504.xsd">
<contrato>
<numeroContrato>NG001</numeroContrato><modalidad>001</modalidad><causal>CD012</causal><procedimiento>004</procedimiento><tipo>8</tipo><tipoGasto>1</tipoGasto><fechaSuscripcion>2016-01-01</fechaSuscripcion><fechaActaInicio>2016-01-01</fechaActaInicio><plazo>360</plazo><objeto>Ninguno</objeto><resolucionAdjudicacion>RS001</resolucionAdjudicacion><fechaAdjudicacion>2016-01-01</fechaAdjudicacion><valor>200000000</valor><anticipo>false</anticipo><valorAnticipo>20000000</valorAnticipo><publicadoSECOP>false</publicadoSECOP><fechaSECOP>2016-01-01</fechaSECOP><actualizadoSECOP>false</actualizadoSECOP><linkSECOP>www.contratos.gov.co?id=NG001</linkSECOP><constituyeFiducia>false</constituyeFiducia><tipoLiquidacion>0</tipoLiquidacion><documentoLiquidacion>NO APLICA</documentoLiquidacion><fechaLiquidacion>2016-12-31</fechaLiquidacion>
<Contratistas>
<contratista>
<documento>900601749</documento><tipo>1</tipo>
</contratista>
</Contratistas>
<Proyectos>
<proyecto>
<codigo>NG001</codigo>
</proyecto>
</Proyectos>
<Actividades>
<actividad>
<proyecto>NG001</proyecto><codigo>A001</codigo><fechaInicial>2016-01-01</fechaInicial><fechaFinal>2016-06-30</fechaFinal><porcentaje>50</porcentaje>
</actividad>
</Actividades>
<Disponibilidades>
<disponibilidad>
<consecutivo>DN001</consecutivo>
</disponibilidad>
</Disponibilidades>
<Compromisos>
<compromiso>
<consecutivo>CM001</consecutivo>
</compromiso>
</Compromisos>
<Polizas>
<poliza>
<aseguradora>SOLIDARIA</aseguradora><numeroPoliza>24530</numeroPoliza><fechaExpedicion>2016-01-01</fechaExpedicion><resolucionAprobacion>4/01/2016</resolucionAprobacion><fechaAprobacion>2016-01-05</fechaAprobacion><tipoPoliza>2</tipoPoliza><valorAsegurado>20000000</valorAsegurado><fechaInicialAmparo>2016-01-01</fechaInicialAmparo><fechaFinalAmparo>2016-12-31</fechaFinalAmparo>
</poliza>
</Polizas>
<Interventorias>
<interventoria>
<tipo>2</tipo><vinculacion>true</vinculacion><interventor>71337826</interventor>
</interventoria>
</Interventorias>
<Avances>
<avance>
<tipo>1</tipo><fecha>2016-01-01</fecha><porcentajeAvance>50</porcentajeAvance>
</avance>
</Avances>
<Modificaciones>
<modificacion>
<tipo>0</tipo><valor>25000000</valor><fecha>2016-04-01</fecha>
</modificacion>
</Modificaciones>
</contrato>
</contratos>
