<?xml version="1.0" encoding="ISO-8859-1"?>
<presupuestosIniciales xmlns:xsi="http://www.w3.org/2001/XMLSchema-instance" xsi:noNamespaceSchemaLocation="0601.xsd">
<presupuestoInicial>
<vigencia>2011</vigencia><tipoDocumento>A</tipoDocumento><fechaDocumento>2015-11-30</fechaDocumento><numeroDocumento>2426</numeroDocumento><documentoConpes>4012</documentoConpes><fechaDocumentoConpes>2015-12-31</fechaDocumentoConpes>
<ProyectoRubros>
<ingreso_egreso>
<tipo>I</tipo><rubroFuente>012345678912345678900123456789123456789001234567891234567890</rubroFuente><valor1>98732000</valor1><valor2>8520000</valor2><valor3>95200000</valor3><valor4>987963</valor4><valor5>852123</valor5><valor6>0</valor6><valor7>123654</valor7><valor8>987456321</valor8><valor9>562314</valor9><valor10>654123</valor10><valor11>852036.1</valor11><valor12>523412</valor12>
</ingreso_egreso>
<ingreso_egreso>
<tipo>I</tipo><rubroFuente>01213456789012345678901234567890123456789012345678901234567901234567891</rubroFuente><valor1>252149830.2</valor1><valor2>0</valor2><valor3>6547820.9</valor3><valor4>32000000</valor4><valor5>456741</valor5><valor6>963258</valor6><valor7>52036.1</valor7><valor8>8456123</valor8><valor9>0</valor9><valor10>654321.8</valor10><valor11>852139.1</valor11><valor12>852046.4</valor12>
</ingreso_egreso>
<ingreso_egreso>
<tipo>E</tipo><rubroFuente>0123456789012345678901234567890123456789012345678901234567890123456789</rubroFuente><valor1>3823596.3</valor1><valor2>654000</valor2><valor3>562136.5</valor3><valor4>65200000</valor4><valor5>0</valor5><valor6>789654</valor6><valor7>0</valor7><valor8>0</valor8><valor9>520146</valor9><valor10>84201530.5</valor10><valor11>32145</valor11><valor12>8345.1</valor12>
</ingreso_egreso>
<ingreso_egreso>
<tipo>E</tipo><rubroFuente>0123456789012345678901234567890123456789012345678901234567890123456789</rubroFuente><valor1>95200000</valor1><valor2>65200000</valor2><valor3>5201236</valor3><valor4>951000</valor4><valor5>15000</valor5><valor6>123654</valor6><valor7>456321</valor7><valor8>6541236987</valor8><valor9>852146</valor9><valor10>521036.4</valor10><valor11>652014.5</valor11><valor12>9874563.2</valor12>
</ingreso_egreso>
</ProyectoRubros>
</presupuestoInicial>
</presupuestosIniciales>
