<?xml version="1.0" encoding="ISO-8859-1"?>
<movimientosPresupuestales xmlns:xsi="http://www.w3.org/2001/XMLSchema-instance" xsi:noNamespaceSchemaLocation="0602.xsd">
<movimientoPresupuestal>
<vigencia>2016</vigencia><tipo>A</tipo><numeroDocumento>300000105</numeroDocumento><tipoDocumento>D</tipoDocumento><fechaDocumento>2016-03-13</fechaDocumento>
<MovimientoRubros>
<movimiento>
<tipo>I</tipo><rubroFuente>123456789012345678901234-10200000100000000001</rubroFuente><esCredito>true</esCredito><valor1>0</valor1><valor2>0</valor2><valor3>10055582254</valor3><valor4>0</valor4><valor5>0</valor5><valor6>0</valor6><valor7>0</valor7><valor8>0</valor8><valor9>0</valor9><valor10>0</valor10><valor11>0</valor11><valor12>0</valor12>
</movimiento>
<movimiento>
<tipo>I</tipo><rubroFuente>123456789012345678901234-10400000100000000001</rubroFuente><esCredito>true</esCredito><valor1>0</valor1><valor2>0</valor2><valor3>520000000</valor3><valor4>0</valor4><valor5>0</valor5><valor6>0</valor6><valor7>0</valor7><valor8>0</valor8><valor9>0</valor9><valor10>0</valor10><valor11>0</valor11><valor12>0</valor12>
</movimiento>
<movimiento>
<tipo>E</tipo><rubroFuente>553456789012345678901234-100000001000000</rubroFuente><esCredito>false</esCredito><valor1>0</valor1><valor2>0</valor2><valor3>10575582254</valor3><valor4>0</valor4><valor5>0</valor5><valor6>0</valor6><valor7>0</valor7><valor8>0</valor8><valor9>0</valor9><valor10>0</valor10><valor11>0</valor11><valor12>0</valor12>
</movimiento>
</MovimientoRubros>
</movimientoPresupuestal>
</movimientosPresupuestales>
