<?xml version="1.0" encoding="ISO-8859-1"?>
<obligaciones xmlns:xsi="http://www.w3.org/2001/XMLSchema-instance" xsi:noNamespaceSchemaLocation="0604.xsd">
<obligacion>
<consecutivo>NGB001</consecutivo><vigencia>2016</vigencia><beneficiario>900601749</beneficiario><descripcion>Obligaci�n NGB001</descripcion><fechaAprobacion>2016-05-01</fechaAprobacion>
<ObligacionCompromisos>
<compromiso>
<compromisoRubro>C001-D001-1.1.02.01.01.40-1057</compromisoRubro><valor>300</valor>
</compromiso>
</ObligacionCompromisos>
</obligacion>
<obligacion>
<consecutivo>NGB002</consecutivo><vigencia>2016</vigencia><beneficiario>900601749</beneficiario><descripcion>Obligaci�n NGB002</descripcion><fechaAprobacion>2016-05-05</fechaAprobacion>
<ObligacionCompromisos>
<compromiso>
<compromisoRubro>C002-D002-1.1.02.01.01.40-1057</compromisoRubro><valor>400.89</valor>
</compromiso>
</ObligacionCompromisos>
</obligacion>
</obligaciones>
