<?xml version="1.0" encoding="ISO-8859-1"?>
<modificacionCompromisos xmlns:xsi="http://www.w3.org/2001/XMLSchema-instance" xsi:noNamespaceSchemaLocation="0606.xsd">
<compromiso>
<esModificacion>true</esModificacion><consecutivo>NGM010</consecutivo><vigencia>2016</vigencia><descripcion>Modificacion al compromiso NGC048</descripcion><fechaAprobacion>2016-04-01</fechaAprobacion>
<CompromisoRubros>
<compromisoRubro>
<compromisoRubro>NGC010-NGD050-RB001-FN1</compromisoRubro><tipo>A</tipo><valor>456000000</valor>
</compromisoRubro>
<compromisoRubro>
<compromisoRubro>NGC010-NGD050-RB001-FN2</compromisoRubro><tipo>R</tipo><valor>85000000</valor>
</compromisoRubro>
</CompromisoRubros>
</compromiso>
</modificacionCompromisos>
