<?xml version="1.0" encoding="ISO-8859-1"?>
<egresos xmlns:xsi="http://www.w3.org/2001/XMLSchema-instance" xsi:noNamespaceSchemaLocation="0702.xsd">
<egreso>
<consecutivo>EG001</consecutivo><tipo>1</tipo><fecha>2016-03-23</fecha>
<Afectaciones>
<afectacion>
<afecta>true</afecta><vigenciaAnterior>false</vigenciaAnterior><obligacionCompromiso>NGB001-NGC001-NGD001-RB001-F01</obligacionCompromiso><beneficiario>90601749</beneficiario><fuente>F01</fuente><valor>200000000</valor>
</afectacion>
<afectacion>
<afecta>true</afecta><vigenciaAnterior>false</vigenciaAnterior><obligacionCompromiso>NGB002-NGC002-NGD002-RB001-F02</obligacionCompromiso><beneficiario>40740358</beneficiario><fuente>F02</fuente><valor>5000000</valor>
</afectacion>
</Afectaciones>
<Pagos>
<pago>
<tipo>1</tipo><beneficiario>900483645</beneficiario><fuente>00021</fuente><cuentaBancaria>001236542299</cuentaBancaria><numeroCheque>888-0990000</numeroCheque><valor>200000900</valor>
</pago>
<pago>
<tipo>2</tipo><beneficiario>900483645</beneficiario><fuente>00021</fuente><cuentaBancaria>1005-5656465568</cuentaBancaria><valor>90000000</valor>
</pago>
<pago>
<tipo>3</tipo><beneficiario>900097605</beneficiario><valor>4570000000</valor>
</pago>
<pago>
<tipo>4</tipo><beneficiario>900097605</beneficiario><valor>80009111000</valor>
</pago>
</Pagos>
<DeduccionesRetenciones>
<deduccionesRetenciones>
<beneficiario>1112463595</beneficiario><fuente>00021</fuente><retenciones>0</retenciones><deducciones>9090900</deducciones>
</deduccionesRetenciones>
</DeduccionesRetenciones>
</egreso>
</egresos>
