<?xml version="1.0" encoding="ISO-8859-1"?>
<recaudos xmlns:xsi="http://www.w3.org/2001/XMLSchema-instance" xsi:noNamespaceSchemaLocation="0701.xsd">
<recaudo>
<consecutivo>RV001</consecutivo><fecha>2013-08-24</fecha><tipo>1</tipo>
<Afectaciones>
<afectacion>
<afecta>true</afecta><rubroFuente>10909088-RF001.1</rubroFuente><valor>1200000</valor>
</afectacion>
<afectacion>
<afecta>false</afecta><tercero>71337828</tercero><fuente>RF001.1</fuente><valor>3000000000</valor>
</afectacion>
</Afectaciones>
<Pagos>
<pago>
<formaRecaudo>1</formaRecaudo><valor>4000000</valor>
</pago>
<pago>
<formaRecaudo>2</formaRecaudo><cuentaBancaria>1005252541</cuentaBancaria><fuente>RF002.1</fuente><valor>30000000</valor>
</pago>
<pago>
<formaRecaudo>3</formaRecaudo><valor>5000900</valor>
</pago>
</Pagos>
</recaudo>
</recaudos>
